"region","parti","k�n","2018","2022"
"00 Riket","Moderaterna","m�n",187042,163631
"00 Riket","Moderaterna","kvinnor",79449,66231
"00 Riket","Centerpartiet","m�n",48109,26301
"00 Riket","Centerpartiet","kvinnor",97661,67104
"00 Riket","Liberalerna","m�n",44215,29777
"00 Riket","Liberalerna","kvinnor",27237,20868
"00 Riket","Kristdemokraterna","m�n",37638,22271
"00 Riket","Kristdemokraterna","kvinnor",85186,85915
"00 Riket","Milj�partiet","m�n",21891,21963
"00 Riket","Milj�partiet","kvinnor",39872,36696
"00 Riket","Socialdemokraterna","m�n",189868,136558
"00 Riket","Socialdemokraterna","kvinnor",172386,194928
"00 Riket","V�nsterpartiet","m�n",68908,33607
"00 Riket","V�nsterpartiet","kvinnor",59731,79510
"00 Riket","Sverigedemokraterna","m�n",357518,406417
"00 Riket","Sverigedemokraterna","kvinnor",9919,23426
"00 Riket","�vriga partier","m�n",18352,34393
"00 Riket","�vriga partier","kvinnor",13579,8240
"00 Riket","totalt","m�n",973541,874918
"00 Riket","totalt","kvinnor",585020,582918
"VR1 Stockholms kommuns valkrets","Moderaterna","m�n",31896,25704
"VR1 Stockholms kommuns valkrets","Moderaterna","kvinnor",3944,1976
"VR1 Stockholms kommuns valkrets","Centerpartiet","m�n",1282,1018
"VR1 Stockholms kommuns valkrets","Centerpartiet","kvinnor",16757,11572
"VR1 Stockholms kommuns valkrets","Liberalerna","m�n",8805,5522
"VR1 Stockholms kommuns valkrets","Liberalerna","kvinnor",2899,2966
"VR1 Stockholms kommuns valkrets","Kristdemokraterna","m�n",1958,802
"VR1 Stockholms kommuns valkrets","Kristdemokraterna","kvinnor",6630,4346
"VR1 Stockholms kommuns valkrets","Milj�partiet","m�n",2309,6622
"VR1 Stockholms kommuns valkrets","Milj�partiet","kvinnor",7750,4389
"VR1 Stockholms kommuns valkrets","Socialdemokraterna","m�n",19005,13022
"VR1 Stockholms kommuns valkrets","Socialdemokraterna","kvinnor",12463,11135
"VR1 Stockholms kommuns valkrets","V�nsterpartiet","m�n",21277,5249
"VR1 Stockholms kommuns valkrets","V�nsterpartiet","kvinnor",5601,19232
"VR1 Stockholms kommuns valkrets","Sverigedemokraterna","m�n",15384,16424
"VR1 Stockholms kommuns valkrets","Sverigedemokraterna","kvinnor",739,1738
"VR1 Stockholms kommuns valkrets","�vriga partier","m�n",2138,5329
"VR1 Stockholms kommuns valkrets","�vriga partier","kvinnor",2317,1110
"VR1 Stockholms kommuns valkrets","totalt","m�n",104054,79692
"VR1 Stockholms kommuns valkrets","totalt","kvinnor",59100,58464
"VR2 Stockholms l�ns valkrets","Moderaterna","m�n",52272,43182
"VR2 Stockholms l�ns valkrets","Moderaterna","kvinnor",4135,4182
"VR2 Stockholms l�ns valkrets","Centerpartiet","m�n",1442,1221
"VR2 Stockholms l�ns valkrets","Centerpartiet","kvinnor",19796,13490
"VR2 Stockholms l�ns valkrets","Liberalerna","m�n",10332,7156
"VR2 Stockholms l�ns valkrets","Liberalerna","kvinnor",2563,2552
"VR2 Stockholms l�ns valkrets","Kristdemokraterna","m�n",6204,2762
"VR2 Stockholms l�ns valkrets","Kristdemokraterna","kvinnor",13249,11080
"VR2 Stockholms l�ns valkrets","Milj�partiet","m�n",3706,1077
"VR2 Stockholms l�ns valkrets","Milj�partiet","kvinnor",5555,6104
"VR2 Stockholms l�ns valkrets","Socialdemokraterna","m�n",14144,5423
"VR2 Stockholms l�ns valkrets","Socialdemokraterna","kvinnor",19984,49835
"VR2 Stockholms l�ns valkrets","V�nsterpartiet","m�n",14614,3101
"VR2 Stockholms l�ns valkrets","V�nsterpartiet","kvinnor",3784,15405
"VR2 Stockholms l�ns valkrets","Sverigedemokraterna","m�n",36275,40280
"VR2 Stockholms l�ns valkrets","Sverigedemokraterna","kvinnor",1302,2971
"VR2 Stockholms l�ns valkrets","�vriga partier","m�n",2484,5644
"VR2 Stockholms l�ns valkrets","�vriga partier","kvinnor",1524,1163
"VR2 Stockholms l�ns valkrets","totalt","m�n",141473,109846
"VR2 Stockholms l�ns valkrets","totalt","kvinnor",71892,106782
"VR3 Uppsala l�ns valkrets","Moderaterna","m�n",2514,2799
"VR3 Uppsala l�ns valkrets","Moderaterna","kvinnor",4308,3711
"VR3 Uppsala l�ns valkrets","Centerpartiet","m�n",1166,842
"VR3 Uppsala l�ns valkrets","Centerpartiet","kvinnor",3194,2242
"VR3 Uppsala l�ns valkrets","Liberalerna","m�n",977,607
"VR3 Uppsala l�ns valkrets","Liberalerna","kvinnor",2258,1471
"VR3 Uppsala l�ns valkrets","Kristdemokraterna","m�n",1724,1666
"VR3 Uppsala l�ns valkrets","Kristdemokraterna","kvinnor",4104,3370
"VR3 Uppsala l�ns valkrets","Milj�partiet","m�n",1056,1385
"VR3 Uppsala l�ns valkrets","Milj�partiet","kvinnor",1959,1542
"VR3 Uppsala l�ns valkrets","Socialdemokraterna","m�n",7538,5980
"VR3 Uppsala l�ns valkrets","Socialdemokraterna","kvinnor",4779,3812
"VR3 Uppsala l�ns valkrets","V�nsterpartiet","m�n",1605,1261
"VR3 Uppsala l�ns valkrets","V�nsterpartiet","kvinnor",3069,2957
"VR3 Uppsala l�ns valkrets","Sverigedemokraterna","m�n",11146,12616
"VR3 Uppsala l�ns valkrets","Sverigedemokraterna","kvinnor",636,911
"VR3 Uppsala l�ns valkrets","�vriga partier","m�n",888,1329
"VR3 Uppsala l�ns valkrets","�vriga partier","kvinnor",670,315
"VR3 Uppsala l�ns valkrets","totalt","m�n",28614,28485
"VR3 Uppsala l�ns valkrets","totalt","kvinnor",24977,20331
"VR4 S�dermanlands l�ns valkrets","Moderaterna","m�n",9065,8231
"VR4 S�dermanlands l�ns valkrets","Moderaterna","kvinnor",958,1409
"VR4 S�dermanlands l�ns valkrets","Centerpartiet","m�n",742,540
"VR4 S�dermanlands l�ns valkrets","Centerpartiet","kvinnor",1649,1146
"VR4 S�dermanlands l�ns valkrets","Liberalerna","m�n",851,410
"VR4 S�dermanlands l�ns valkrets","Liberalerna","kvinnor",410,565
"VR4 S�dermanlands l�ns valkrets","Kristdemokraterna","m�n",467,652
"VR4 S�dermanlands l�ns valkrets","Kristdemokraterna","kvinnor",2134,2243
"VR4 S�dermanlands l�ns valkrets","Milj�partiet","m�n",668,731
"VR4 S�dermanlands l�ns valkrets","Milj�partiet","kvinnor",549,432
"VR4 S�dermanlands l�ns valkrets","Socialdemokraterna","m�n",5620,3983
"VR4 S�dermanlands l�ns valkrets","Socialdemokraterna","kvinnor",4566,6047
"VR4 S�dermanlands l�ns valkrets","V�nsterpartiet","m�n",811,688
"VR4 S�dermanlands l�ns valkrets","V�nsterpartiet","kvinnor",1774,1598
"VR4 S�dermanlands l�ns valkrets","Sverigedemokraterna","m�n",11479,13707
"VR4 S�dermanlands l�ns valkrets","Sverigedemokraterna","kvinnor",202,733
"VR4 S�dermanlands l�ns valkrets","�vriga partier","m�n",459,850
"VR4 S�dermanlands l�ns valkrets","�vriga partier","kvinnor",245,216
"VR4 S�dermanlands l�ns valkrets","totalt","m�n",30162,29792
"VR4 S�dermanlands l�ns valkrets","totalt","kvinnor",12487,14389
"VR5 �sterg�tlands l�ns valkrets","Moderaterna","m�n",6616,7700
"VR5 �sterg�tlands l�ns valkrets","Moderaterna","kvinnor",2485,1704
"VR5 �sterg�tlands l�ns valkrets","Centerpartiet","m�n",3820,1639
"VR5 �sterg�tlands l�ns valkrets","Centerpartiet","kvinnor",1515,1808
"VR5 �sterg�tlands l�ns valkrets","Liberalerna","m�n",666,601
"VR5 �sterg�tlands l�ns valkrets","Liberalerna","kvinnor",2191,1199
"VR5 �sterg�tlands l�ns valkrets","Kristdemokraterna","m�n",1798,1734
"VR5 �sterg�tlands l�ns valkrets","Kristdemokraterna","kvinnor",4331,3953
"VR5 �sterg�tlands l�ns valkrets","Milj�partiet","m�n",347,619
"VR5 �sterg�tlands l�ns valkrets","Milj�partiet","kvinnor",2077,2069
"VR5 �sterg�tlands l�ns valkrets","Socialdemokraterna","m�n",7436,5985
"VR5 �sterg�tlands l�ns valkrets","Socialdemokraterna","kvinnor",7104,6857
"VR5 �sterg�tlands l�ns valkrets","V�nsterpartiet","m�n",1345,1014
"VR5 �sterg�tlands l�ns valkrets","V�nsterpartiet","kvinnor",2705,3057
"VR5 �sterg�tlands l�ns valkrets","Sverigedemokraterna","m�n",15560,19055
"VR5 �sterg�tlands l�ns valkrets","Sverigedemokraterna","kvinnor",505,1118
"VR5 �sterg�tlands l�ns valkrets","�vriga partier","m�n",895,1026
"VR5 �sterg�tlands l�ns valkrets","�vriga partier","kvinnor",550,337
"VR5 �sterg�tlands l�ns valkrets","totalt","m�n",38483,39373
"VR5 �sterg�tlands l�ns valkrets","totalt","kvinnor",23463,22102
"VR6 J�nk�pings l�ns valkrets","Moderaterna","m�n",6140,6528
"VR6 J�nk�pings l�ns valkrets","Moderaterna","kvinnor",3136,1676
"VR6 J�nk�pings l�ns valkrets","Centerpartiet","m�n",945,659
"VR6 J�nk�pings l�ns valkrets","Centerpartiet","kvinnor",7659,4304
"VR6 J�nk�pings l�ns valkrets","Liberalerna","m�n",714,917
"VR6 J�nk�pings l�ns valkrets","Liberalerna","kvinnor",1353,587
"VR6 J�nk�pings l�ns valkrets","Kristdemokraterna","m�n",4854,1720
"VR6 J�nk�pings l�ns valkrets","Kristdemokraterna","kvinnor",6478,5958
"VR6 J�nk�pings l�ns valkrets","Milj�partiet","m�n",805,372
"VR6 J�nk�pings l�ns valkrets","Milj�partiet","kvinnor",1217,1010
"VR6 J�nk�pings l�ns valkrets","Socialdemokraterna","m�n",6211,5225
"VR6 J�nk�pings l�ns valkrets","Socialdemokraterna","kvinnor",8885,7282
"VR6 J�nk�pings l�ns valkrets","V�nsterpartiet","m�n",771,623
"VR6 J�nk�pings l�ns valkrets","V�nsterpartiet","kvinnor",1923,1537
"VR6 J�nk�pings l�ns valkrets","Sverigedemokraterna","m�n",16565,19033
"VR6 J�nk�pings l�ns valkrets","Sverigedemokraterna","kvinnor",558,921
"VR6 J�nk�pings l�ns valkrets","�vriga partier","m�n",592,842
"VR6 J�nk�pings l�ns valkrets","�vriga partier","kvinnor",267,214
"VR6 J�nk�pings l�ns valkrets","totalt","m�n",37597,35919
"VR6 J�nk�pings l�ns valkrets","totalt","kvinnor",31476,23489
"VR7 Kronobergs l�ns valkrets","Moderaterna","m�n",2291,6332
"VR7 Kronobergs l�ns valkrets","Moderaterna","kvinnor",3246,1064
"VR7 Kronobergs l�ns valkrets","Centerpartiet","m�n",3418,933
"VR7 Kronobergs l�ns valkrets","Centerpartiet","kvinnor",809,712
"VR7 Kronobergs l�ns valkrets","Liberalerna","m�n",563,333
"VR7 Kronobergs l�ns valkrets","Liberalerna","kvinnor",207,276
"VR7 Kronobergs l�ns valkrets","Kristdemokraterna","m�n",643,555
"VR7 Kronobergs l�ns valkrets","Kristdemokraterna","kvinnor",2469,2153
"VR7 Kronobergs l�ns valkrets","Milj�partiet","m�n",512,367
"VR7 Kronobergs l�ns valkrets","Milj�partiet","kvinnor",489,439
"VR7 Kronobergs l�ns valkrets","Socialdemokraterna","m�n",5929,4424
"VR7 Kronobergs l�ns valkrets","Socialdemokraterna","kvinnor",3178,4096
"VR7 Kronobergs l�ns valkrets","V�nsterpartiet","m�n",1074,702
"VR7 Kronobergs l�ns valkrets","V�nsterpartiet","kvinnor",993,1035
"VR7 Kronobergs l�ns valkrets","Sverigedemokraterna","m�n",8711,10350
"VR7 Kronobergs l�ns valkrets","Sverigedemokraterna","kvinnor",172,460
"VR7 Kronobergs l�ns valkrets","�vriga partier","m�n",301,515
"VR7 Kronobergs l�ns valkrets","�vriga partier","kvinnor",110,113
"VR7 Kronobergs l�ns valkrets","totalt","m�n",23442,24511
"VR7 Kronobergs l�ns valkrets","totalt","kvinnor",11673,10348
"VR8 Kalmar l�ns valkrets","Moderaterna","m�n",4480,1953
"VR8 Kalmar l�ns valkrets","Moderaterna","kvinnor",983,1985
"VR8 Kalmar l�ns valkrets","Centerpartiet","m�n",2061,788
"VR8 Kalmar l�ns valkrets","Centerpartiet","kvinnor",1624,1357
"VR8 Kalmar l�ns valkrets","Liberalerna","m�n",800,232
"VR8 Kalmar l�ns valkrets","Liberalerna","kvinnor",405,432
"VR8 Kalmar l�ns valkrets","Kristdemokraterna","m�n",934,781
"VR8 Kalmar l�ns valkrets","Kristdemokraterna","kvinnor",2691,2842
"VR8 Kalmar l�ns valkrets","Milj�partiet","m�n",410,192
"VR8 Kalmar l�ns valkrets","Milj�partiet","kvinnor",373,795
"VR8 Kalmar l�ns valkrets","Socialdemokraterna","m�n",3652,2204
"VR8 Kalmar l�ns valkrets","Socialdemokraterna","kvinnor",7463,8201
"VR8 Kalmar l�ns valkrets","V�nsterpartiet","m�n",1080,819
"VR8 Kalmar l�ns valkrets","V�nsterpartiet","kvinnor",1022,734
"VR8 Kalmar l�ns valkrets","Sverigedemokraterna","m�n",11276,12477
"VR8 Kalmar l�ns valkrets","Sverigedemokraterna","kvinnor",206,544
"VR8 Kalmar l�ns valkrets","�vriga partier","m�n",383,545
"VR8 Kalmar l�ns valkrets","�vriga partier","kvinnor",203,166
"VR8 Kalmar l�ns valkrets","totalt","m�n",25076,19991
"VR8 Kalmar l�ns valkrets","totalt","kvinnor",14970,17056
"VR9 Gotlands l�ns valkrets","Moderaterna","m�n",1770,1765
"VR9 Gotlands l�ns valkrets","Moderaterna","kvinnor",296,154
"VR9 Gotlands l�ns valkrets","Centerpartiet","m�n",1525,1441
"VR9 Gotlands l�ns valkrets","Centerpartiet","kvinnor",731,264
"VR9 Gotlands l�ns valkrets","Liberalerna","m�n",291,53
"VR9 Gotlands l�ns valkrets","Liberalerna","kvinnor",83,130
"VR9 Gotlands l�ns valkrets","Kristdemokraterna","m�n",30,18
"VR9 Gotlands l�ns valkrets","Kristdemokraterna","kvinnor",458,488
"VR9 Gotlands l�ns valkrets","Milj�partiet","m�n",81,242
"VR9 Gotlands l�ns valkrets","Milj�partiet","kvinnor",367,245
"VR9 Gotlands l�ns valkrets","Socialdemokraterna","m�n",718,462
"VR9 Gotlands l�ns valkrets","Socialdemokraterna","kvinnor",1787,2230
"VR9 Gotlands l�ns valkrets","V�nsterpartiet","m�n",185,264
"VR9 Gotlands l�ns valkrets","V�nsterpartiet","kvinnor",765,350
"VR9 Gotlands l�ns valkrets","Sverigedemokraterna","m�n",1818,2322
"VR9 Gotlands l�ns valkrets","Sverigedemokraterna","kvinnor",58,142
"VR9 Gotlands l�ns valkrets","�vriga partier","m�n",80,163
"VR9 Gotlands l�ns valkrets","�vriga partier","kvinnor",196,42
"VR9 Gotlands l�ns valkrets","totalt","m�n",6498,6730
"VR9 Gotlands l�ns valkrets","totalt","kvinnor",4741,4045
"VR10 Blekinge l�ns valkrets","Moderaterna","m�n",958,846
"VR10 Blekinge l�ns valkrets","Moderaterna","kvinnor",3006,3590
"VR10 Blekinge l�ns valkrets","Centerpartiet","m�n",851,635
"VR10 Blekinge l�ns valkrets","Centerpartiet","kvinnor",584,407
"VR10 Blekinge l�ns valkrets","Liberalerna","m�n",418,335
"VR10 Blekinge l�ns valkrets","Liberalerna","kvinnor",445,223
"VR10 Blekinge l�ns valkrets","Kristdemokraterna","m�n",162,220
"VR10 Blekinge l�ns valkrets","Kristdemokraterna","kvinnor",1530,1522
"VR10 Blekinge l�ns valkrets","Milj�partiet","m�n",134,75
"VR10 Blekinge l�ns valkrets","Milj�partiet","kvinnor",420,417
"VR10 Blekinge l�ns valkrets","Socialdemokraterna","m�n",3122,2491
"VR10 Blekinge l�ns valkrets","Socialdemokraterna","kvinnor",4196,4461
"VR10 Blekinge l�ns valkrets","V�nsterpartiet","m�n",358,303
"VR10 Blekinge l�ns valkrets","V�nsterpartiet","kvinnor",766,698
"VR10 Blekinge l�ns valkrets","Sverigedemokraterna","m�n",9223,10196
"VR10 Blekinge l�ns valkrets","Sverigedemokraterna","kvinnor",189,366
"VR10 Blekinge l�ns valkrets","�vriga partier","m�n",245,302
"VR10 Blekinge l�ns valkrets","�vriga partier","kvinnor",124,105
"VR10 Blekinge l�ns valkrets","totalt","m�n",15471,15403
"VR10 Blekinge l�ns valkrets","totalt","kvinnor",11260,11789
"VR11 Malm� kommuns valkrets","Moderaterna","m�n",4532,2248
"VR11 Malm� kommuns valkrets","Moderaterna","kvinnor",1658,3074
"VR11 Malm� kommuns valkrets","Centerpartiet","m�n",471,535
"VR11 Malm� kommuns valkrets","Centerpartiet","kvinnor",3217,2420
"VR11 Malm� kommuns valkrets","Liberalerna","m�n",969,434
"VR11 Malm� kommuns valkrets","Liberalerna","kvinnor",784,811
"VR11 Malm� kommuns valkrets","Kristdemokraterna","m�n",317,236
"VR11 Malm� kommuns valkrets","Kristdemokraterna","kvinnor",1449,1300
"VR11 Malm� kommuns valkrets","Milj�partiet","m�n",1080,1543
"VR11 Malm� kommuns valkrets","Milj�partiet","kvinnor",933,1198
"VR11 Malm� kommuns valkrets","Socialdemokraterna","m�n",9922,6821
"VR11 Malm� kommuns valkrets","Socialdemokraterna","kvinnor",4697,4222
"VR11 Malm� kommuns valkrets","V�nsterpartiet","m�n",2641,3664
"VR11 Malm� kommuns valkrets","V�nsterpartiet","kvinnor",2944,2676
"VR11 Malm� kommuns valkrets","Sverigedemokraterna","m�n",9007,8747
"VR11 Malm� kommuns valkrets","Sverigedemokraterna","kvinnor",248,460
"VR11 Malm� kommuns valkrets","�vriga partier","m�n",652,2730
"VR11 Malm� kommuns valkrets","�vriga partier","kvinnor",715,602
"VR11 Malm� kommuns valkrets","totalt","m�n",29591,26958
"VR11 Malm� kommuns valkrets","totalt","kvinnor",16645,16763
"VR12 Sk�ne l�ns v�stra valkrets","Moderaterna","m�n",2358,2047
"VR12 Sk�ne l�ns v�stra valkrets","Moderaterna","kvinnor",3940,3533
"VR12 Sk�ne l�ns v�stra valkrets","Centerpartiet","m�n",1173,826
"VR12 Sk�ne l�ns v�stra valkrets","Centerpartiet","kvinnor",912,809
"VR12 Sk�ne l�ns v�stra valkrets","Liberalerna","m�n",1237,751
"VR12 Sk�ne l�ns v�stra valkrets","Liberalerna","kvinnor",589,597
"VR12 Sk�ne l�ns v�stra valkrets","Kristdemokraterna","m�n",262,252
"VR12 Sk�ne l�ns v�stra valkrets","Kristdemokraterna","kvinnor",2380,2513
"VR12 Sk�ne l�ns v�stra valkrets","Milj�partiet","m�n",726,662
"VR12 Sk�ne l�ns v�stra valkrets","Milj�partiet","kvinnor",624,534
"VR12 Sk�ne l�ns v�stra valkrets","Socialdemokraterna","m�n",6613,6247
"VR12 Sk�ne l�ns v�stra valkrets","Socialdemokraterna","kvinnor",5213,4072
"VR12 Sk�ne l�ns v�stra valkrets","V�nsterpartiet","m�n",605,414
"VR12 Sk�ne l�ns v�stra valkrets","V�nsterpartiet","kvinnor",1416,1688
"VR12 Sk�ne l�ns v�stra valkrets","Sverigedemokraterna","m�n",16361,17895
"VR12 Sk�ne l�ns v�stra valkrets","Sverigedemokraterna","kvinnor",540,1030
"VR12 Sk�ne l�ns v�stra valkrets","�vriga partier","m�n",506,1311
"VR12 Sk�ne l�ns v�stra valkrets","�vriga partier","kvinnor",406,309
"VR12 Sk�ne l�ns v�stra valkrets","totalt","m�n",29841,30405
"VR12 Sk�ne l�ns v�stra valkrets","totalt","kvinnor",16020,15085
"VR12G Fyrstadskretsen","Moderaterna","m�n",0,0
"VR12G Fyrstadskretsen","Moderaterna","kvinnor",0,0
"VR12G Fyrstadskretsen","Centerpartiet","m�n",0,0
"VR12G Fyrstadskretsen","Centerpartiet","kvinnor",0,0
"VR12G Fyrstadskretsen","Liberalerna","m�n",0,0
"VR12G Fyrstadskretsen","Liberalerna","kvinnor",0,0
"VR12G Fyrstadskretsen","Kristdemokraterna","m�n",0,0
"VR12G Fyrstadskretsen","Kristdemokraterna","kvinnor",0,0
"VR12G Fyrstadskretsen","Milj�partiet","m�n",0,0
"VR12G Fyrstadskretsen","Milj�partiet","kvinnor",0,0
"VR12G Fyrstadskretsen","Socialdemokraterna","m�n",0,0
"VR12G Fyrstadskretsen","Socialdemokraterna","kvinnor",0,0
"VR12G Fyrstadskretsen","V�nsterpartiet","m�n",0,0
"VR12G Fyrstadskretsen","V�nsterpartiet","kvinnor",0,0
"VR12G Fyrstadskretsen","Sverigedemokraterna","m�n",0,0
"VR12G Fyrstadskretsen","Sverigedemokraterna","kvinnor",0,0
"VR12G Fyrstadskretsen","�vriga partier","m�n",0,0
"VR12G Fyrstadskretsen","�vriga partier","kvinnor",0,0
"VR12G Fyrstadskretsen","totalt","m�n",0,0
"VR12G Fyrstadskretsen","totalt","kvinnor",0,0
"VR13 Sk�ne l�ns s�dra valkrets","Moderaterna","m�n",4360,3925
"VR13 Sk�ne l�ns s�dra valkrets","Moderaterna","kvinnor",7111,4577
"VR13 Sk�ne l�ns s�dra valkrets","Centerpartiet","m�n",1144,655
"VR13 Sk�ne l�ns s�dra valkrets","Centerpartiet","kvinnor",2310,1696
"VR13 Sk�ne l�ns s�dra valkrets","Liberalerna","m�n",1395,1655
"VR13 Sk�ne l�ns s�dra valkrets","Liberalerna","kvinnor",1009,692
"VR13 Sk�ne l�ns s�dra valkrets","Kristdemokraterna","m�n",460,370
"VR13 Sk�ne l�ns s�dra valkrets","Kristdemokraterna","kvinnor",2840,3062
"VR13 Sk�ne l�ns s�dra valkrets","Milj�partiet","m�n",744,592
"VR13 Sk�ne l�ns s�dra valkrets","Milj�partiet","kvinnor",1663,1377
"VR13 Sk�ne l�ns s�dra valkrets","Socialdemokraterna","m�n",5458,4764
"VR13 Sk�ne l�ns s�dra valkrets","Socialdemokraterna","kvinnor",3374,3768
"VR13 Sk�ne l�ns s�dra valkrets","V�nsterpartiet","m�n",661,1061
"VR13 Sk�ne l�ns s�dra valkrets","V�nsterpartiet","kvinnor",1815,1485
"VR13 Sk�ne l�ns s�dra valkrets","Sverigedemokraterna","m�n",16924,17358
"VR13 Sk�ne l�ns s�dra valkrets","Sverigedemokraterna","kvinnor",305,1189
"VR13 Sk�ne l�ns s�dra valkrets","�vriga partier","m�n",720,930
"VR13 Sk�ne l�ns s�dra valkrets","�vriga partier","kvinnor",621,252
"VR13 Sk�ne l�ns s�dra valkrets","totalt","m�n",31866,31310
"VR13 Sk�ne l�ns s�dra valkrets","totalt","kvinnor",21048,18098
"VR13G Malm�hus l�ns valkrets","Moderaterna","m�n",0,0
"VR13G Malm�hus l�ns valkrets","Moderaterna","kvinnor",0,0
"VR13G Malm�hus l�ns valkrets","Centerpartiet","m�n",0,0
"VR13G Malm�hus l�ns valkrets","Centerpartiet","kvinnor",0,0
"VR13G Malm�hus l�ns valkrets","Liberalerna","m�n",0,0
"VR13G Malm�hus l�ns valkrets","Liberalerna","kvinnor",0,0
"VR13G Malm�hus l�ns valkrets","Kristdemokraterna","m�n",0,0
"VR13G Malm�hus l�ns valkrets","Kristdemokraterna","kvinnor",0,0
"VR13G Malm�hus l�ns valkrets","Milj�partiet","m�n",0,0
"VR13G Malm�hus l�ns valkrets","Milj�partiet","kvinnor",0,0
"VR13G Malm�hus l�ns valkrets","Socialdemokraterna","m�n",0,0
"VR13G Malm�hus l�ns valkrets","Socialdemokraterna","kvinnor",0,0
"VR13G Malm�hus l�ns valkrets","V�nsterpartiet","m�n",0,0
"VR13G Malm�hus l�ns valkrets","V�nsterpartiet","kvinnor",0,0
"VR13G Malm�hus l�ns valkrets","Sverigedemokraterna","m�n",0,0
"VR13G Malm�hus l�ns valkrets","Sverigedemokraterna","kvinnor",0,0
"VR13G Malm�hus l�ns valkrets","�vriga partier","m�n",0,0
"VR13G Malm�hus l�ns valkrets","�vriga partier","kvinnor",0,0
"VR13G Malm�hus l�ns valkrets","totalt","m�n",0,0
"VR13G Malm�hus l�ns valkrets","totalt","kvinnor",0,0
"VR14 Sk�ne l�ns norra och �stra valkrets","Moderaterna","m�n",5414,3632
"VR14 Sk�ne l�ns norra och �stra valkrets","Moderaterna","kvinnor",2714,2518
"VR14 Sk�ne l�ns norra och �stra valkrets","Centerpartiet","m�n",1209,788
"VR14 Sk�ne l�ns norra och �stra valkrets","Centerpartiet","kvinnor",2116,1124
"VR14 Sk�ne l�ns norra och �stra valkrets","Liberalerna","m�n",921,496
"VR14 Sk�ne l�ns norra och �stra valkrets","Liberalerna","kvinnor",571,528
"VR14 Sk�ne l�ns norra och �stra valkrets","Kristdemokraterna","m�n",802,732
"VR14 Sk�ne l�ns norra och �stra valkrets","Kristdemokraterna","kvinnor",2885,3253
"VR14 Sk�ne l�ns norra och �stra valkrets","Milj�partiet","m�n",970,277
"VR14 Sk�ne l�ns norra och �stra valkrets","Milj�partiet","kvinnor",407,727
"VR14 Sk�ne l�ns norra och �stra valkrets","Socialdemokraterna","m�n",3007,2268
"VR14 Sk�ne l�ns norra och �stra valkrets","Socialdemokraterna","kvinnor",5765,5150
"VR14 Sk�ne l�ns norra och �stra valkrets","V�nsterpartiet","m�n",330,837
"VR14 Sk�ne l�ns norra och �stra valkrets","V�nsterpartiet","kvinnor",1094,975
"VR14 Sk�ne l�ns norra och �stra valkrets","Sverigedemokraterna","m�n",19367,21846
"VR14 Sk�ne l�ns norra och �stra valkrets","Sverigedemokraterna","kvinnor",312,843
"VR14 Sk�ne l�ns norra och �stra valkrets","�vriga partier","m�n",474,772
"VR14 Sk�ne l�ns norra och �stra valkrets","�vriga partier","kvinnor",300,200
"VR14 Sk�ne l�ns norra och �stra valkrets","totalt","m�n",32494,31648
"VR14 Sk�ne l�ns norra och �stra valkrets","totalt","kvinnor",16164,15318
"VR15 Hallands l�ns valkrets","Moderaterna","m�n",5660,3436
"VR15 Hallands l�ns valkrets","Moderaterna","kvinnor",2844,3013
"VR15 Hallands l�ns valkrets","Centerpartiet","m�n",2756,1567
"VR15 Hallands l�ns valkrets","Centerpartiet","kvinnor",2600,1661
"VR15 Hallands l�ns valkrets","Liberalerna","m�n",888,438
"VR15 Hallands l�ns valkrets","Liberalerna","kvinnor",1021,1057
"VR15 Hallands l�ns valkrets","Kristdemokraterna","m�n",1086,336
"VR15 Hallands l�ns valkrets","Kristdemokraterna","kvinnor",1106,3133
"VR15 Hallands l�ns valkrets","Milj�partiet","m�n",754,435
"VR15 Hallands l�ns valkrets","Milj�partiet","kvinnor",690,813
"VR15 Hallands l�ns valkrets","Socialdemokraterna","m�n",6653,4323
"VR15 Hallands l�ns valkrets","Socialdemokraterna","kvinnor",4725,5804
"VR15 Hallands l�ns valkrets","V�nsterpartiet","m�n",945,731
"VR15 Hallands l�ns valkrets","V�nsterpartiet","kvinnor",1008,1166
"VR15 Hallands l�ns valkrets","Sverigedemokraterna","m�n",12498,14609
"VR15 Hallands l�ns valkrets","Sverigedemokraterna","kvinnor",407,1075
"VR15 Hallands l�ns valkrets","�vriga partier","m�n",549,687
"VR15 Hallands l�ns valkrets","�vriga partier","kvinnor",314,177
"VR15 Hallands l�ns valkrets","totalt","m�n",31789,26562
"VR15 Hallands l�ns valkrets","totalt","kvinnor",14715,17899
"VR16 G�teborgs kommuns valkrets","Moderaterna","m�n",6362,3495
"VR16 G�teborgs kommuns valkrets","Moderaterna","kvinnor",3760,4873
"VR16 G�teborgs kommuns valkrets","Centerpartiet","m�n",1279,586
"VR16 G�teborgs kommuns valkrets","Centerpartiet","kvinnor",7141,4542
"VR16 G�teborgs kommuns valkrets","Liberalerna","m�n",3485,2193
"VR16 G�teborgs kommuns valkrets","Liberalerna","kvinnor",1129,1203
"VR16 G�teborgs kommuns valkrets","Kristdemokraterna","m�n",1801,897
"VR16 G�teborgs kommuns valkrets","Kristdemokraterna","kvinnor",4026,3283
"VR16 G�teborgs kommuns valkrets","Milj�partiet","m�n",817,830
"VR16 G�teborgs kommuns valkrets","Milj�partiet","kvinnor",4669,4430
"VR16 G�teborgs kommuns valkrets","Socialdemokraterna","m�n",6335,6838
"VR16 G�teborgs kommuns valkrets","Socialdemokraterna","kvinnor",11828,7785
"VR16 G�teborgs kommuns valkrets","V�nsterpartiet","m�n",2821,3306
"VR16 G�teborgs kommuns valkrets","V�nsterpartiet","kvinnor",7950,5978
"VR16 G�teborgs kommuns valkrets","Sverigedemokraterna","m�n",13459,13982
"VR16 G�teborgs kommuns valkrets","Sverigedemokraterna","kvinnor",460,1091
"VR16 G�teborgs kommuns valkrets","�vriga partier","m�n",1232,3625
"VR16 G�teborgs kommuns valkrets","�vriga partier","kvinnor",1360,596
"VR16 G�teborgs kommuns valkrets","totalt","m�n",37591,35752
"VR16 G�teborgs kommuns valkrets","totalt","kvinnor",42323,33781
"VR17 V�stra G�talands l�ns v�stra valkrets","Moderaterna","m�n",2579,2618
"VR17 V�stra G�talands l�ns v�stra valkrets","Moderaterna","kvinnor",5141,3794
"VR17 V�stra G�talands l�ns v�stra valkrets","Centerpartiet","m�n",1117,1012
"VR17 V�stra G�talands l�ns v�stra valkrets","Centerpartiet","kvinnor",2187,1389
"VR17 V�stra G�talands l�ns v�stra valkrets","Liberalerna","m�n",915,577
"VR17 V�stra G�talands l�ns v�stra valkrets","Liberalerna","kvinnor",1999,1194
"VR17 V�stra G�talands l�ns v�stra valkrets","Kristdemokraterna","m�n",1854,1174
"VR17 V�stra G�talands l�ns v�stra valkrets","Kristdemokraterna","kvinnor",3607,3282
"VR17 V�stra G�talands l�ns v�stra valkrets","Milj�partiet","m�n",491,334
"VR17 V�stra G�talands l�ns v�stra valkrets","Milj�partiet","kvinnor",1446,1431
"VR17 V�stra G�talands l�ns v�stra valkrets","Socialdemokraterna","m�n",4740,3874
"VR17 V�stra G�talands l�ns v�stra valkrets","Socialdemokraterna","kvinnor",4025,4227
"VR17 V�stra G�talands l�ns v�stra valkrets","V�nsterpartiet","m�n",606,612
"VR17 V�stra G�talands l�ns v�stra valkrets","V�nsterpartiet","kvinnor",2176,1984
"VR17 V�stra G�talands l�ns v�stra valkrets","Sverigedemokraterna","m�n",12637,14925
"VR17 V�stra G�talands l�ns v�stra valkrets","Sverigedemokraterna","kvinnor",517,1097
"VR17 V�stra G�talands l�ns v�stra valkrets","�vriga partier","m�n",591,856
"VR17 V�stra G�talands l�ns v�stra valkrets","�vriga partier","kvinnor",413,275
"VR17 V�stra G�talands l�ns v�stra valkrets","totalt","m�n",25530,25982
"VR17 V�stra G�talands l�ns v�stra valkrets","totalt","kvinnor",21511,18673
"VR18 V�stra G�talands l�ns norra valkrets","Moderaterna","m�n",3263,2774
"VR18 V�stra G�talands l�ns norra valkrets","Moderaterna","kvinnor",1920,1754
"VR18 V�stra G�talands l�ns norra valkrets","Centerpartiet","m�n",2092,949
"VR18 V�stra G�talands l�ns norra valkrets","Centerpartiet","kvinnor",987,926
"VR18 V�stra G�talands l�ns norra valkrets","Liberalerna","m�n",1262,354
"VR18 V�stra G�talands l�ns norra valkrets","Liberalerna","kvinnor",415,391
"VR18 V�stra G�talands l�ns norra valkrets","Kristdemokraterna","m�n",608,700
"VR18 V�stra G�talands l�ns norra valkrets","Kristdemokraterna","kvinnor",2628,2376
"VR18 V�stra G�talands l�ns norra valkrets","Milj�partiet","m�n",657,140
"VR18 V�stra G�talands l�ns norra valkrets","Milj�partiet","kvinnor",887,853
"VR18 V�stra G�talands l�ns norra valkrets","Socialdemokraterna","m�n",4057,3320
"VR18 V�stra G�talands l�ns norra valkrets","Socialdemokraterna","kvinnor",5879,4729
"VR18 V�stra G�talands l�ns norra valkrets","V�nsterpartiet","m�n",810,552
"VR18 V�stra G�talands l�ns norra valkrets","V�nsterpartiet","kvinnor",1359,1466
"VR18 V�stra G�talands l�ns norra valkrets","Sverigedemokraterna","m�n",12151,13650
"VR18 V�stra G�talands l�ns norra valkrets","Sverigedemokraterna","kvinnor",194,658
"VR18 V�stra G�talands l�ns norra valkrets","�vriga partier","m�n",469,628
"VR18 V�stra G�talands l�ns norra valkrets","�vriga partier","kvinnor",286,190
"VR18 V�stra G�talands l�ns norra valkrets","totalt","m�n",25369,23067
"VR18 V�stra G�talands l�ns norra valkrets","totalt","kvinnor",14555,13343
"VR19 V�stra G�talands l�ns s�dra valkrets","Moderaterna","m�n",2090,3120
"VR19 V�stra G�talands l�ns s�dra valkrets","Moderaterna","kvinnor",2816,1271
"VR19 V�stra G�talands l�ns s�dra valkrets","Centerpartiet","m�n",1604,1000
"VR19 V�stra G�talands l�ns s�dra valkrets","Centerpartiet","kvinnor",1246,896
"VR19 V�stra G�talands l�ns s�dra valkrets","Liberalerna","m�n",490,511
"VR19 V�stra G�talands l�ns s�dra valkrets","Liberalerna","kvinnor",1134,391
"VR19 V�stra G�talands l�ns s�dra valkrets","Kristdemokraterna","m�n",798,478
"VR19 V�stra G�talands l�ns s�dra valkrets","Kristdemokraterna","kvinnor",2191,2321
"VR19 V�stra G�talands l�ns s�dra valkrets","Milj�partiet","m�n",316,319
"VR19 V�stra G�talands l�ns s�dra valkrets","Milj�partiet","kvinnor",518,527
"VR19 V�stra G�talands l�ns s�dra valkrets","Socialdemokraterna","m�n",3742,3708
"VR19 V�stra G�talands l�ns s�dra valkrets","Socialdemokraterna","kvinnor",3468,3422
"VR19 V�stra G�talands l�ns s�dra valkrets","V�nsterpartiet","m�n",363,236
"VR19 V�stra G�talands l�ns s�dra valkrets","V�nsterpartiet","kvinnor",2020,1612
"VR19 V�stra G�talands l�ns s�dra valkrets","Sverigedemokraterna","m�n",8409,10165
"VR19 V�stra G�talands l�ns s�dra valkrets","Sverigedemokraterna","kvinnor",384,527
"VR19 V�stra G�talands l�ns s�dra valkrets","�vriga partier","m�n",385,654
"VR19 V�stra G�talands l�ns s�dra valkrets","�vriga partier","kvinnor",191,229
"VR19 V�stra G�talands l�ns s�dra valkrets","totalt","m�n",18197,20191
"VR19 V�stra G�talands l�ns s�dra valkrets","totalt","kvinnor",13968,11196
"VR20 V�stra G�talands l�ns �stra valkrets","Moderaterna","m�n",5297,4916
"VR20 V�stra G�talands l�ns �stra valkrets","Moderaterna","kvinnor",3781,2270
"VR20 V�stra G�talands l�ns �stra valkrets","Centerpartiet","m�n",1712,601
"VR20 V�stra G�talands l�ns �stra valkrets","Centerpartiet","kvinnor",2908,1927
"VR20 V�stra G�talands l�ns �stra valkrets","Liberalerna","m�n",1003,638
"VR20 V�stra G�talands l�ns �stra valkrets","Liberalerna","kvinnor",697,374
"VR20 V�stra G�talands l�ns �stra valkrets","Kristdemokraterna","m�n",874,739
"VR20 V�stra G�talands l�ns �stra valkrets","Kristdemokraterna","kvinnor",4134,3335
"VR20 V�stra G�talands l�ns �stra valkrets","Milj�partiet","m�n",460,407
"VR20 V�stra G�talands l�ns �stra valkrets","Milj�partiet","kvinnor",649,485
"VR20 V�stra G�talands l�ns �stra valkrets","Socialdemokraterna","m�n",5812,4766
"VR20 V�stra G�talands l�ns �stra valkrets","Socialdemokraterna","kvinnor",6339,5466
"VR20 V�stra G�talands l�ns �stra valkrets","V�nsterpartiet","m�n",926,565
"VR20 V�stra G�talands l�ns �stra valkrets","V�nsterpartiet","kvinnor",1264,1213
"VR20 V�stra G�talands l�ns �stra valkrets","Sverigedemokraterna","m�n",12757,14650
"VR20 V�stra G�talands l�ns �stra valkrets","Sverigedemokraterna","kvinnor",200,634
"VR20 V�stra G�talands l�ns �stra valkrets","�vriga partier","m�n",519,555
"VR20 V�stra G�talands l�ns �stra valkrets","�vriga partier","kvinnor",303,176
"VR20 V�stra G�talands l�ns �stra valkrets","totalt","m�n",29360,27837
"VR20 V�stra G�talands l�ns �stra valkrets","totalt","kvinnor",20275,15880
"VR21 V�rmlands l�ns valkrets","Moderaterna","m�n",4110,3239
"VR21 V�rmlands l�ns valkrets","Moderaterna","kvinnor",1373,1857
"VR21 V�rmlands l�ns valkrets","Centerpartiet","m�n",2610,1338
"VR21 V�rmlands l�ns valkrets","Centerpartiet","kvinnor",1357,864
"VR21 V�rmlands l�ns valkrets","Liberalerna","m�n",1005,789
"VR21 V�rmlands l�ns valkrets","Liberalerna","kvinnor",573,318
"VR21 V�rmlands l�ns valkrets","Kristdemokraterna","m�n",1010,1056
"VR21 V�rmlands l�ns valkrets","Kristdemokraterna","kvinnor",2382,2327
"VR21 V�rmlands l�ns valkrets","Milj�partiet","m�n",542,600
"VR21 V�rmlands l�ns valkrets","Milj�partiet","kvinnor",758,629
"VR21 V�rmlands l�ns valkrets","Socialdemokraterna","m�n",8165,5124
"VR21 V�rmlands l�ns valkrets","Socialdemokraterna","kvinnor",3672,4192
"VR21 V�rmlands l�ns valkrets","V�nsterpartiet","m�n",1263,936
"VR21 V�rmlands l�ns valkrets","V�nsterpartiet","kvinnor",1100,1048
"VR21 V�rmlands l�ns valkrets","Sverigedemokraterna","m�n",10842,13183
"VR21 V�rmlands l�ns valkrets","Sverigedemokraterna","kvinnor",189,521
"VR21 V�rmlands l�ns valkrets","�vriga partier","m�n",439,463
"VR21 V�rmlands l�ns valkrets","�vriga partier","kvinnor",321,135
"VR21 V�rmlands l�ns valkrets","totalt","m�n",29986,26728
"VR21 V�rmlands l�ns valkrets","totalt","kvinnor",11725,11891
"VR22 �rebro l�ns valkrets","Moderaterna","m�n",1752,1984
"VR22 �rebro l�ns valkrets","Moderaterna","kvinnor",4101,3592
"VR22 �rebro l�ns valkrets","Centerpartiet","m�n",845,664
"VR22 �rebro l�ns valkrets","Centerpartiet","kvinnor",2235,1440
"VR22 �rebro l�ns valkrets","Liberalerna","m�n",1200,1714
"VR22 �rebro l�ns valkrets","Liberalerna","kvinnor",740,275
"VR22 �rebro l�ns valkrets","Kristdemokraterna","m�n",1914,1056
"VR22 �rebro l�ns valkrets","Kristdemokraterna","kvinnor",3435,2533
"VR22 �rebro l�ns valkrets","Milj�partiet","m�n",686,299
"VR22 �rebro l�ns valkrets","Milj�partiet","kvinnor",872,822
"VR22 �rebro l�ns valkrets","Socialdemokraterna","m�n",3859,3592
"VR22 �rebro l�ns valkrets","Socialdemokraterna","kvinnor",8899,5791
"VR22 �rebro l�ns valkrets","V�nsterpartiet","m�n",871,1032
"VR22 �rebro l�ns valkrets","V�nsterpartiet","kvinnor",2254,1614
"VR22 �rebro l�ns valkrets","Sverigedemokraterna","m�n",11487,13372
"VR22 �rebro l�ns valkrets","Sverigedemokraterna","kvinnor",220,577
"VR22 �rebro l�ns valkrets","�vriga partier","m�n",526,927
"VR22 �rebro l�ns valkrets","�vriga partier","kvinnor",359,256
"VR22 �rebro l�ns valkrets","totalt","m�n",23140,24640
"VR22 �rebro l�ns valkrets","totalt","kvinnor",23115,16900
"VR23 V�stmanlands l�ns valkrets","Moderaterna","m�n",1974,3565
"VR23 V�stmanlands l�ns valkrets","Moderaterna","kvinnor",3896,1700
"VR23 V�stmanlands l�ns valkrets","Centerpartiet","m�n",1226,818
"VR23 V�stmanlands l�ns valkrets","Centerpartiet","kvinnor",1650,1082
"VR23 V�stmanlands l�ns valkrets","Liberalerna","m�n",1736,1096
"VR23 V�stmanlands l�ns valkrets","Liberalerna","kvinnor",592,394
"VR23 V�stmanlands l�ns valkrets","Kristdemokraterna","m�n",1713,496
"VR23 V�stmanlands l�ns valkrets","Kristdemokraterna","kvinnor",545,2196
"VR23 V�stmanlands l�ns valkrets","Milj�partiet","m�n",443,354
"VR23 V�stmanlands l�ns valkrets","Milj�partiet","kvinnor",488,532
"VR23 V�stmanlands l�ns valkrets","Socialdemokraterna","m�n",5078,3783
"VR23 V�stmanlands l�ns valkrets","Socialdemokraterna","kvinnor",5615,5260
"VR23 V�stmanlands l�ns valkrets","V�nsterpartiet","m�n",1062,978
"VR23 V�stmanlands l�ns valkrets","V�nsterpartiet","kvinnor",2002,2185
"VR23 V�stmanlands l�ns valkrets","Sverigedemokraterna","m�n",11151,12773
"VR23 V�stmanlands l�ns valkrets","Sverigedemokraterna","kvinnor",399,798
"VR23 V�stmanlands l�ns valkrets","�vriga partier","m�n",462,714
"VR23 V�stmanlands l�ns valkrets","�vriga partier","kvinnor",208,165
"VR23 V�stmanlands l�ns valkrets","totalt","m�n",24845,24577
"VR23 V�stmanlands l�ns valkrets","totalt","kvinnor",15395,14312
"VR24 Dalarnas l�ns valkrets","Moderaterna","m�n",4822,4231
"VR24 Dalarnas l�ns valkrets","Moderaterna","kvinnor",1391,976
"VR24 Dalarnas l�ns valkrets","Centerpartiet","m�n",1862,626
"VR24 Dalarnas l�ns valkrets","Centerpartiet","kvinnor",2432,1697
"VR24 Dalarnas l�ns valkrets","Liberalerna","m�n",475,328
"VR24 Dalarnas l�ns valkrets","Liberalerna","kvinnor",753,475
"VR24 Dalarnas l�ns valkrets","Kristdemokraterna","m�n",1800,824
"VR24 Dalarnas l�ns valkrets","Kristdemokraterna","kvinnor",521,2781
"VR24 Dalarnas l�ns valkrets","Milj�partiet","m�n",630,592
"VR24 Dalarnas l�ns valkrets","Milj�partiet","kvinnor",1015,659
"VR24 Dalarnas l�ns valkrets","Socialdemokraterna","m�n",7969,7153
"VR24 Dalarnas l�ns valkrets","Socialdemokraterna","kvinnor",3827,3598
"VR24 Dalarnas l�ns valkrets","V�nsterpartiet","m�n",1860,787
"VR24 Dalarnas l�ns valkrets","V�nsterpartiet","kvinnor",1285,1191
"VR24 Dalarnas l�ns valkrets","Sverigedemokraterna","m�n",13350,14810
"VR24 Dalarnas l�ns valkrets","Sverigedemokraterna","kvinnor",192,765
"VR24 Dalarnas l�ns valkrets","�vriga partier","m�n",531,751
"VR24 Dalarnas l�ns valkrets","�vriga partier","kvinnor",324,208
"VR24 Dalarnas l�ns valkrets","totalt","m�n",33299,30102
"VR24 Dalarnas l�ns valkrets","totalt","kvinnor",11740,12350
"VR25 G�vleborgs l�ns valkrets","Moderaterna","m�n",3625,3446
"VR25 G�vleborgs l�ns valkrets","Moderaterna","kvinnor",669,1207
"VR25 G�vleborgs l�ns valkrets","Centerpartiet","m�n",1837,1423
"VR25 G�vleborgs l�ns valkrets","Centerpartiet","kvinnor",1547,717
"VR25 G�vleborgs l�ns valkrets","Liberalerna","m�n",735,448
"VR25 G�vleborgs l�ns valkrets","Liberalerna","kvinnor",303,214
"VR25 G�vleborgs l�ns valkrets","Kristdemokraterna","m�n",468,321
"VR25 G�vleborgs l�ns valkrets","Kristdemokraterna","kvinnor",2251,2449
"VR25 G�vleborgs l�ns valkrets","Milj�partiet","m�n",385,480
"VR25 G�vleborgs l�ns valkrets","Milj�partiet","kvinnor",656,488
"VR25 G�vleborgs l�ns valkrets","Socialdemokraterna","m�n",4802,5019
"VR25 G�vleborgs l�ns valkrets","Socialdemokraterna","kvinnor",4539,3066
"VR25 G�vleborgs l�ns valkrets","V�nsterpartiet","m�n",477,1323
"VR25 G�vleborgs l�ns valkrets","V�nsterpartiet","kvinnor",2684,886
"VR25 G�vleborgs l�ns valkrets","Sverigedemokraterna","m�n",11360,13072
"VR25 G�vleborgs l�ns valkrets","Sverigedemokraterna","kvinnor",265,681
"VR25 G�vleborgs l�ns valkrets","�vriga partier","m�n",311,590
"VR25 G�vleborgs l�ns valkrets","�vriga partier","kvinnor",179,137
"VR25 G�vleborgs l�ns valkrets","totalt","m�n",24000,26122
"VR25 G�vleborgs l�ns valkrets","totalt","kvinnor",13093,9845
"VR26 V�sternorrlands l�ns valkrets","Moderaterna","m�n",2901,2406
"VR26 V�sternorrlands l�ns valkrets","Moderaterna","kvinnor",860,1216
"VR26 V�sternorrlands l�ns valkrets","Centerpartiet","m�n",2766,1360
"VR26 V�sternorrlands l�ns valkrets","Centerpartiet","kvinnor",1165,1100
"VR26 V�sternorrlands l�ns valkrets","Liberalerna","m�n",361,180
"VR26 V�sternorrlands l�ns valkrets","Liberalerna","kvinnor",572,451
"VR26 V�sternorrlands l�ns valkrets","Kristdemokraterna","m�n",618,332
"VR26 V�sternorrlands l�ns valkrets","Kristdemokraterna","kvinnor",968,2334
"VR26 V�sternorrlands l�ns valkrets","Milj�partiet","m�n",258,241
"VR26 V�sternorrlands l�ns valkrets","Milj�partiet","kvinnor",743,967
"VR26 V�sternorrlands l�ns valkrets","Socialdemokraterna","m�n",12040,3764
"VR26 V�sternorrlands l�ns valkrets","Socialdemokraterna","kvinnor",2088,5607
"VR26 V�sternorrlands l�ns valkrets","V�nsterpartiet","m�n",812,537
"VR26 V�sternorrlands l�ns valkrets","V�nsterpartiet","kvinnor",1494,1281
"VR26 V�sternorrlands l�ns valkrets","Sverigedemokraterna","m�n",8076,10345
"VR26 V�sternorrlands l�ns valkrets","Sverigedemokraterna","kvinnor",145,457
"VR26 V�sternorrlands l�ns valkrets","�vriga partier","m�n",376,438
"VR26 V�sternorrlands l�ns valkrets","�vriga partier","kvinnor",247,132
"VR26 V�sternorrlands l�ns valkrets","totalt","m�n",28208,19603
"VR26 V�sternorrlands l�ns valkrets","totalt","kvinnor",8282,13545
"VR27 J�mtlands l�ns valkrets","Moderaterna","m�n",984,989
"VR27 J�mtlands l�ns valkrets","Moderaterna","kvinnor",2179,1705
"VR27 J�mtlands l�ns valkrets","Centerpartiet","m�n",3221,801
"VR27 J�mtlands l�ns valkrets","Centerpartiet","kvinnor",1818,1635
"VR27 J�mtlands l�ns valkrets","Liberalerna","m�n",451,217
"VR27 J�mtlands l�ns valkrets","Liberalerna","kvinnor",111,201
"VR27 J�mtlands l�ns valkrets","Kristdemokraterna","m�n",499,389
"VR27 J�mtlands l�ns valkrets","Kristdemokraterna","kvinnor",981,1177
"VR27 J�mtlands l�ns valkrets","Milj�partiet","m�n",323,478
"VR27 J�mtlands l�ns valkrets","Milj�partiet","kvinnor",432,672
"VR27 J�mtlands l�ns valkrets","Socialdemokraterna","m�n",3796,2799
"VR27 J�mtlands l�ns valkrets","Socialdemokraterna","kvinnor",2903,3656
"VR27 J�mtlands l�ns valkrets","V�nsterpartiet","m�n",723,310
"VR27 J�mtlands l�ns valkrets","V�nsterpartiet","kvinnor",645,667
"VR27 J�mtlands l�ns valkrets","Sverigedemokraterna","m�n",4412,5769
"VR27 J�mtlands l�ns valkrets","Sverigedemokraterna","kvinnor",135,300
"VR27 J�mtlands l�ns valkrets","�vriga partier","m�n",240,259
"VR27 J�mtlands l�ns valkrets","�vriga partier","kvinnor",131,96
"VR27 J�mtlands l�ns valkrets","totalt","m�n",14649,12011
"VR27 J�mtlands l�ns valkrets","totalt","kvinnor",9335,10109
"VR28 V�sterbottens l�ns valkrets","Moderaterna","m�n",4096,3714
"VR28 V�sterbottens l�ns valkrets","Moderaterna","kvinnor",1369,1257
"VR28 V�sterbottens l�ns valkrets","Centerpartiet","m�n",1013,304
"VR28 V�sterbottens l�ns valkrets","Centerpartiet","kvinnor",3787,2813
"VR28 V�sterbottens l�ns valkrets","Liberalerna","m�n",618,454
"VR28 V�sterbottens l�ns valkrets","Liberalerna","kvinnor",1122,493
"VR28 V�sterbottens l�ns valkrets","Kristdemokraterna","m�n",849,397
"VR28 V�sterbottens l�ns valkrets","Kristdemokraterna","kvinnor",2423,2327
"VR28 V�sterbottens l�ns valkrets","Milj�partiet","m�n",660,607
"VR28 V�sterbottens l�ns valkrets","Milj�partiet","kvinnor",1285,1474
"VR28 V�sterbottens l�ns valkrets","Socialdemokraterna","m�n",5836,5245
"VR28 V�sterbottens l�ns valkrets","Socialdemokraterna","kvinnor",5568,5166
"VR28 V�sterbottens l�ns valkrets","V�nsterpartiet","m�n",6998,1032
"VR28 V�sterbottens l�ns valkrets","V�nsterpartiet","kvinnor",764,2468
"VR28 V�sterbottens l�ns valkrets","Sverigedemokraterna","m�n",6794,8114
"VR28 V�sterbottens l�ns valkrets","Sverigedemokraterna","kvinnor",115,471
"VR28 V�sterbottens l�ns valkrets","�vriga partier","m�n",416,503
"VR28 V�sterbottens l�ns valkrets","�vriga partier","kvinnor",514,176
"VR28 V�sterbottens l�ns valkrets","totalt","m�n",27280,20370
"VR28 V�sterbottens l�ns valkrets","totalt","kvinnor",16947,16645
"VR29 Norrbottens l�ns valkrets","Moderaterna","m�n",2861,2806
"VR29 Norrbottens l�ns valkrets","Moderaterna","kvinnor",1429,593
"VR29 Norrbottens l�ns valkrets","Centerpartiet","m�n",920,732
"VR29 Norrbottens l�ns valkrets","Centerpartiet","kvinnor",1728,1064
"VR29 Norrbottens l�ns valkrets","Liberalerna","m�n",652,338
"VR29 Norrbottens l�ns valkrets","Liberalerna","kvinnor",309,408
"VR29 Norrbottens l�ns valkrets","Kristdemokraterna","m�n",1131,576
"VR29 Norrbottens l�ns valkrets","Kristdemokraterna","kvinnor",360,1978
"VR29 Norrbottens l�ns valkrets","Milj�partiet","m�n",921,1091
"VR29 Norrbottens l�ns valkrets","Milj�partiet","kvinnor",381,636
"VR29 Norrbottens l�ns valkrets","Socialdemokraterna","m�n",8609,3951
"VR29 Norrbottens l�ns valkrets","Socialdemokraterna","kvinnor",5557,5991
"VR29 Norrbottens l�ns valkrets","V�nsterpartiet","m�n",1014,670
"VR29 Norrbottens l�ns valkrets","V�nsterpartiet","kvinnor",2055,1324
"VR29 Norrbottens l�ns valkrets","Sverigedemokraterna","m�n",9039,10692
"VR29 Norrbottens l�ns valkrets","Sverigedemokraterna","kvinnor",125,348
"VR29 Norrbottens l�ns valkrets","�vriga partier","m�n",489,455
"VR29 Norrbottens l�ns valkrets","�vriga partier","kvinnor",181,148
"VR29 Norrbottens l�ns valkrets","totalt","m�n",25636,21311
"VR29 Norrbottens l�ns valkrets","totalt","kvinnor",12125,12490
